45.1844,208.28,9.81014,73.362,193.247,-62.5634,75.8076,170.32,-82.2886,60.4709,141.28,-80.0498,23.9362,121.783,-26.0557,0
35.7103,201.147,-15.0188,68.8816,243.072,-30.4961,101.879,225.08,-51.6725,113.964,203.781,-51.1387,127.84,161.261,-45.3829,0
39.7486,214.081,-37.5619,43.234,220.908,-25.576,32.2795,237.46,-63.8164,13.1716,227.946,-64.244,-8.31746,211.373,-52.5542,0
8.37898,183.593,-54.6276,8.32341,191.428,-42.5186,2.7042,201.028,-101.237,-6.82835,173.486,-104.527,-19.5076,146.873,-92.2405,0
47.3461,212.726,-6.21125,45.0267,201.933,5.18558,38.9055,195.982,-2.13221,37.1979,201.9,-16.2826,48.254,196.931,-29.1836,0
104.002,207.976,-57.3914,90.5402,205.951,-49.1159,88.9662,213.528,-67.7388,72.5567,205.67,-70.0926,62.1623,191.048,-71.1401,0
112.748,244.796,-39.919,68.2484,218.168,-29.3141,59.8612,211.855,-29.6041,54.2592,199.896,-29.0778,54.2573,191.665,-45.336,0
101.149,241.503,-36.7163,56.3111,212.711,-36.1737,47.4089,207.215,-38.7502,42.2959,195.363,-42.4647,41.2684,185.669,-52.6424,0
-0.584446,150.707,-45.3953,18.1342,134.256,-22.0956,27.3824,123.697,-14.7927,39.8057,123.614,-10.1599,49.6979,131.919,-11.6371,0
-38.14,154.526,-19.1852,-0.556938,132.126,-11.0137,8.08101,128.179,-15.938,22.7428,128.725,-14.8813,34.8832,137.834,-16.5876,0
92.9291,170.871,-71.1574,78.9588,140.552,-45.7985,82.7134,138.638,-33.2746,84.5424,140.459,-21.8165,91.1459,149.145,-12.4709,0
76.4684,244.801,2.12638,78.6846,205.397,16.2825,68.6785,201.066,21.1853,58.3771,193.726,19.6239,46.0939,194.109,14.3579,0
49.7579,278.735,10.1703,35.3189,232.106,31.4881,30.8085,221.688,28.3476,33.2064,210.783,20.6836,32.2965,206.872,7.75113,0
174.535,254.169,-12.6113,101.692,241.044,-22.5074,93.9171,232.445,-23.501,90.2542,219.827,-24.391,91.9579,209.627,-33.3687,0
100.048,161.522,-70.6581,72.088,150.031,-50.4202,69.7135,146.457,-41.3001,71.6205,143.817,-28.3941,80.1172,145.624,-17.4897,0
108.924,160.54,-78.1203,108.271,134.901,-45.205,138.937,223.567,-95.6579,147.746,223.477,-67.2132,143.264,219.106,-33.161,0
97.3275,199.943,-44.6749,117.751,198.794,-34.309,111.378,207.999,-34.368,99.5161,218.716,-30.2932,76.8789,199.129,-12.1123,0
73.326,197.618,-58.8039,47.9989,197.153,-55.0245,41.1575,197.531,-60.2186,29.5991,186.666,-62.7035,23.992,173.111,-66.2805,0
83.8684,210.318,-34.8558,67.5022,200.838,-28.7282,59.1959,200.242,-32.0742,48.9827,191.271,-37.445,41.6061,178.391,-44.2016,0
66.0738,224.87,-70.9464,117.951,248.741,-82.5923,70.013,201.723,-76.8144,65.612,180.19,-64.5851,74.1345,170.437,-57.8098,0
62.9179,223.363,-48.2455,90.5129,235.625,-69.1186,61.3549,219.911,-61.7204,37.5007,207.147,-57.9654,34.2735,190.971,-63.6002,0
52.2451,204.693,-87.4588,40.2478,215.047,-70.9792,30.0972,215.684,-69.3699,18.133,207.493,-65.9497,8.25709,195.88,-75.2884,0
139.316,191.986,-53.8963,121.439,189.339,-19.3591,127.095,195.322,-10.9117,119.545,205.726,-1.91658,115.704,219.822,0.527095,0
50.7811,294.103,-6.75852,76.7741,264.797,-8.12167,67.2051,259.378,-3.56995,55.2967,255.425,-4.00302,42.5173,258.145,-8.68639,0
78.7643,204.401,-27.9694,52.674,198.667,-13.7642,46.3628,200.765,-8.0534,32.4873,197.372,-10.3531,22.1131,199.572,-22.8495,0
91.3018,181.929,-67.8551,89.0774,177.393,-48.1327,83.7261,183.728,-40.4254,71.7509,186.817,-30.2984,56.0525,190.067,-27.2806,0
84.0876,200.384,-71.7154,80.571,178.384,-35.4278,76.0029,179.519,-26.3691,66.5089,175.868,-18.4809,53.0309,178.757,-16.9127,0
70.8384,169.662,-83.7607,61.0521,138.359,-50.0327,64.169,131.37,-44.5844,64.2278,130.523,-29.8629,73.0747,133.389,-18.5517,0
122.779,237.301,-22.8256,103.085,203.503,-9.08706,104.965,199.68,-0.652978,101.76,200.665,12.2704,105.159,207.342,26.6039,0
89.1407,264.016,-40.1064,78.094,296.313,-36.0823,63.0614,231.926,-39.9464,70.8241,224.226,-33.9285,78.7355,221.344,-24.4587,0
52.4842,241.248,-41.7552,20.9171,242.175,-37.8096,10.1764,240.218,-35.163,21.9421,205.203,-2.7803,12.4045,194.892,-6.98953,0
27.5994,185.492,-58.0719,42.3245,184.594,-62.7179,34.5389,190.093,-56.1032,42.1918,186.979,-25.1162,31.2597,182.725,-21.5031,0
32.6866,221.934,-56.5465,51.1174,199.904,-69.502,50.1278,209.383,-63.139,56.9947,201.424,-27.9485,46.3148,204.385,-22.5215,0
52.0795,175.651,-6.41034,34.2011,169.292,-46.033,41.0917,172.401,-37.0691,36.932,159.368,-6.8501,38.7994,171.077,3.3778,0
47.8398,127.246,-59.979,82.6329,160.518,-97.1506,49.1925,96.476,-9.91319,55.9507,100.045,-0.680332,65.1958,109.403,4.08848,0
109.92,177.111,-37.1006,137.45,234.517,-46.0926,107.503,139.745,1.88744,108.674,141.471,14.7931,112.997,150.203,22.967,0
109.413,251.551,53.4713,122.112,318.593,-21.2009,113.306,330.201,-27.1452,54.6949,330.125,-42.8741,49.0885,311.652,-36.9213,0
63.3566,184.63,-77.4451,51.5446,179.863,-82.1064,69.5637,198.663,-97.9101,83.4962,193.54,-94.2146,78.1391,155.267,-57.4542,0
19.9745,238.257,-44.5807,35.3999,249.626,-48.0494,43.0923,251.675,-66.4181,55.167,238.235,-74.6462,53.5873,211.67,-76.5422,0
31.5267,244.38,-29.3602,50.6447,258.362,-40.0753,91.5201,266.742,-52.4317,92.0061,246.35,-61.2147,87.2807,214.058,-67.1724,0
70.1089,225.586,-65.2213,43.4381,225.694,-97.9887,36.4019,226.572,-105.816,19.3792,219.707,-100.744,4.69993,213.392,-82.9842,0
31.1621,158.936,-0.837098,6.21355,160.388,-34.5577,-2.99475,158.909,-42.3888,-19.9264,146.896,-37.053,-29.7944,133.995,-20.4275,0
26.2793,139.784,-43.8862,-5.04389,153.008,-68.7971,-22.7927,140.591,-66.541,-31.558,126.139,-54.4541,-37.5255,111.554,-32.4942,0
69.9698,152.704,-53.9027,51.2876,182.304,-68.1754,38.8747,183.354,-69.8638,23.6303,176.214,-65.3143,10.3875,165.546,-53.4157,0
0.556865,146.277,-35.9482,-4.74844,148.595,-40.5491,0.0963707,138.611,-45.5228,10.3758,128.182,-52.9644,28.0383,124.083,-48.2144,0
23.3972,155.232,-29.3511,24.6394,158.439,-48.1124,11.5222,158.925,-49.8258,-2.31717,153.098,-41.8503,-13.6646,142.218,-30.3776,0
24.2229,157.26,-24.5842,26.007,161.817,-38.5719,13.3151,160.429,-42.122,-0.846856,151.214,-38.9236,-11.5948,138.849,-28.3091,0
35.2079,173.486,-30.325,37.2847,185.305,-33.5561,36.715,176.31,-40.2732,42.7242,165.455,-52.967,50.9595,149.664,-46.5302,0
32.2175,178.695,-35.6848,35.7165,168.067,-38.7658,40.3714,166.331,-47.5872,61.3991,169.023,-52.1474,74.3797,154.528,-44.0555,0
29.0575,175.3,-36.573,31.43,167.426,-43.631,35.2897,162.881,-50.9013,59.4309,170.375,-53.7422,73.6082,157.169,-45.5644,0
0.366658,168.992,-37.5914,8.71358,183.251,-53.9507,21.184,183.828,-61.8183,39.4124,182.291,-58.4318,56.3322,163.95,-50.0971,0
34.6525,178.789,-36.5417,32.933,180.706,-62.5211,14.0787,175.66,-67.3546,3.16842,164.445,-62.9354,-12.3386,147.673,-49.0553,0
28.3741,171.595,-47.7425,18.5341,177.309,-59.148,5.52206,179.334,-58.8962,-7.70929,171.483,-53.1603,-17.5478,157.327,-43.2126,0
21.2172,176.925,-49.0683,14.9798,179.567,-66.8562,1.67283,180.557,-67.8127,-14.2006,175.287,-56.6704,-25.5777,162.221,-44.4825,0
-1.70666,177.737,-46.0102,23.5574,195.055,-61.9858,45.0393,198.135,-67.8364,50.8219,187.882,-64.9242,76.1918,180.781,-43.018,0
39.8549,155.473,-39.3373,25.3878,156.878,-50.9959,12.0121,158.904,-56.7287,-6.22191,156.831,-52.2206,-20.6367,149.235,-46.2652,0
46.4246,197.357,-26.761,42.3408,197.7,-33.0593,33.3914,193.537,-39.3425,21.7437,179.701,-39.2803,19.4511,164.979,-43.9845,0
36.7504,198.003,-47.4712,39.0867,213.138,-34.3847,41.7163,205.668,-42.9304,47.5532,190.55,-46.1866,57.0496,178.159,-45.9539,0
21.7042,214.665,-35.8126,40.8985,219.974,-38.7915,33.4743,211.636,-45.7093,24.2739,198.084,-50.6847,17.7752,182.013,-53.2854,0
65.6613,201.404,-66.2147,55.2651,192.295,-71.7484,42.8284,193.214,-71.6854,26.8614,188.029,-67.1094,15.7051,178.785,-59.3792,0
65.7803,170.989,-71.0289,72.5977,173.5,-73.6624,60.2984,177.584,-73.1042,44.0261,170.198,-78.1968,30.7198,165.205,-67.7754,0
71.7516,243.982,-93.635,63.1069,252.472,-94.4957,53.6437,253.75,-95.7059,38.1739,246.041,-94.3703,26.0781,233.21,-91.1035,0
38.8897,299.419,-32.5708,16.7513,270.379,-20.4473,11.6495,260.699,-19.4506,10.0244,246.793,-21.6244,13.0078,233.374,-26.4727,0
127.979,328.97,-43.2674,68.654,309.214,6.03067,65.2996,295.791,8.21703,56.3954,286.883,6.78251,45.6635,280.552,1.67178,0
105.028,341.996,-9.54833,72.7932,309.583,12.412,68.3009,296.385,14.0848,58.5553,288.485,12.6647,47.126,283.384,7.69235,0
103.424,342.736,-15.9035,75.7244,306.566,8.44708,69.9544,297.688,12.2237,60.7829,288.906,12.2661,49.1562,283.261,8.47858,0
94.8686,357.142,-12.3244,70.2454,311.396,4.47979,64.9466,302.367,7.26345,57.91,293.333,5.74345,45.8673,289.605,-1.71383,0
101.334,346.72,-14.2698,73.9888,303.44,5.41684,69.0013,294.69,8.78295,61.0298,285.646,7.38911,46.401,285.485,3.26148,0
52.8192,217.897,-59.3895,58.7338,206.54,-37.5691,67.5128,201.456,-37.013,77.1161,194.308,-22.3876,89.2016,199.234,-16.8418,1
45.0661,186.868,-59.104,46.4371,192.608,-28.7891,53.8619,187.317,-26.0159,66.6746,188.285,-20.0475,78.7809,194.462,-22.4171,1
51.7016,205.66,-74.7762,44.6345,201.282,-43.4281,53.4497,198.359,-41.8895,66.3089,201.239,-38.8183,76.7618,209.691,-40.0293,1
68.1662,233.106,-51.8465,66.1607,206.167,-66.9947,82.3352,221.638,-80.4766,97.8462,221.891,-70.2912,89.2055,199.615,-38.6083,1
109.134,268.147,-53.5642,90.7504,235.08,-63.3484,122.683,269.031,-85.7358,155.114,294.184,-48.8341,148.544,278.869,-36.9955,1
105.893,168.748,-57.692,87.1083,149.08,-29.3298,91.2827,146.403,-24.2271,137.949,210.182,-93.3431,143.707,212.536,-66.167,1
126.977,157.715,-75.0761,108.685,151.666,-40.9735,110.433,154.488,-31.6874,111.904,163.17,-21.1646,132.456,176.665,-33.3579,1
121.485,259.247,11.0828,108.944,219.504,4.80648,107.937,222.397,14.1848,99.7997,229.114,21.6017,96.2452,241.546,22.2304,1
132.667,245.239,-47.3371,122.472,238.513,-11.7376,114.482,243.119,-8.36589,100.328,243.152,-7.4813,90.4322,244.057,-15.9411,1
118.251,262.731,-75.1725,93.2214,262.386,-37.5409,88.4297,256.171,-30.9816,84.0099,246.174,-26.0898,86.1755,234.085,-27.6916,1
19.487,310.575,45.8726,50.0943,357.453,3.43155,61.7995,352.942,-20.9619,43.6006,250.045,-2.54062,55.89,251.108,-3.96396,1
12.4154,301.689,20.8843,48.0998,354.238,-9.63812,68.1761,352.946,-28.3009,60.0698,246.667,-15.2148,71.693,249.876,-13.0984,1
17.2559,299.59,0.69504,54.8301,353.632,-24.7415,79.1081,353.343,-37.5955,77.5249,247.402,-15.6752,87.6439,252.589,-12.6441,1
54.2246,305.823,-27.3057,106.064,337.203,-63.5255,129.726,328.202,-72.9649,92.9465,234.269,-29.9196,104.654,236.011,-26.7498,1
38.132,232.492,-78.1749,91.772,199.324,-75.2079,99.8419,196.985,-73.358,98.888,196.339,-38.3332,107.26,204.135,-33.9616,1
-0.068828,169.665,-83.0597,30.5255,216.949,-86.2182,22.4854,227.818,-63.7442,18.4055,238.653,-60.3601,10.2979,247.409,-63.8312,1
147.818,208.493,16.11,176.316,196.854,-21.8521,104.097,214.68,15.3439,92.2002,205.743,13.7939,88.583,193.733,5.43054,1
115.844,162.247,-41.8173,103.459,166.028,-79.2127,84.556,184.915,-18.8822,71.2833,181.437,-9.37897,58.3626,173.055,-10.3174,1
66.5849,173.571,-35.7491,125.004,215.077,-50.0555,125.304,199.971,-64.7842,89.2157,186.197,-66.368,84.4783,164.854,-52.9665,1
55.3014,178.225,-17.3907,62.8897,258.043,8.40566,78.4901,257.265,3.0808,67.7961,223.538,-28.1683,74.252,203.891,-16.8181,1
40.3574,155.811,-27.8292,91.8866,154.7,-68.959,76.176,138.173,-81.9434,44.1928,166.676,-58.961,24.559,154.035,-43.5311,1
56.2076,157.542,-10.7358,118.301,173.153,-35.3242,115.889,165.063,-44.8902,85.5682,158.978,-43.2201,68.0927,136.9,-31.9908,1
62.4088,173.477,8.60081,130.567,162.746,-23.129,127.482,153.768,-33.8327,101.655,153.243,-34.6931,77.8909,144.67,-23.0838,1
58.7828,183.161,2.1539,122.486,193.068,-20.3453,116.377,176.121,-38.191,83.2478,193.385,-29.2132,66.7836,178.739,-18.4961,1
33.8484,177.368,-1.75154,91.8088,218.262,-14.1775,111.753,192.397,-32.5077,93.7787,176.432,-36.041,32.3403,172.371,-0.379397,1
30.7957,194.853,14.6932,76.7385,183.176,-51.3451,64.2693,180.492,-64.703,52.9994,182.615,-55.3978,22.7323,190.168,16.1435,1
64.1616,198.403,2.78793,53.0321,185.786,-66.4137,36.589,180.889,-79.4173,28.472,182.058,-69.5692,1.71184,188.806,4.49985,1
41.4057,213.009,-10.1168,68.1847,229.084,-17.0932,80.7711,229.817,-53.9879,78.3365,219.249,-55.1325,19.9667,172.339,-2.46102,1
30.8907,203.855,-18.514,37.4916,219.279,-29.4811,51.7073,229.081,-57.8546,51.026,207.396,-67.4264,28.8822,155.732,-4.05369,1
-1.98703,184.961,-34.3077,-25.8037,189.309,-46.393,-18.4768,171.187,-31.0636,-2.81226,164.637,-33.4703,34.0163,174.476,-9.6916,1
-17.8222,193.026,-51.9562,-12.0027,171.699,-37.5356,-10.44,166.235,-44.6444,15.5759,166.283,-33.4964,28.3987,168.063,-35.7425,1
-20.9352,187.591,-44.0972,-15.6601,155.469,-31.0517,-10.2784,148.376,-32.1498,11.9124,154.748,-21.4875,23.5922,160.27,-25.4009,1
-4.67459,236.651,-36.5719,12.9102,231.469,-9.60434,6.84293,224.099,-5.76973,-1.06816,214.906,-0.952888,-3.51673,204.449,-10.4398,1
157.471,213.688,-30.7757,140.349,230.224,-14.9517,132.854,236.854,-14.3499,118.256,241.533,6.6993,105.761,238.494,0.188405,1
146.318,178.031,-19.7273,126.495,162.709,10.744,125.099,171.514,12.577,141.863,180.516,0.992331,132.564,187.875,-8.43342,1
126.658,198.835,36.0001,93.6878,188.619,28.4621,91.2985,195.134,34.9741,90.6112,206.129,39.3834,93.8202,217.597,31.7861,1
110.098,237.669,28.6522,104.132,198.647,17.6507,98.2234,200.132,23.9705,91.0759,207.661,29.489,91.2312,227.702,24.1388,1
123.696,239.127,19.1095,79.6768,218.027,12.243,72.0176,214.541,16.075,61.304,236.453,11.4491,50.8799,231.019,1.72947,1
57.7809,220.163,1.9274,102.904,205.151,-49.941,86.8382,198.718,-66.2726,69.156,206.86,-56.8387,34.6277,214.001,22.7806,1
36.3015,188.561,-23.2936,104.648,204.944,-43.8287,101.179,196.787,-62.8825,72.9158,196.591,-64.096,21.1699,183.661,-20.5958,1
43.4416,194.281,-10.6947,113.375,203.015,-34.9011,106.542,191.806,-59.227,75.0003,188.915,-67.1955,33.1056,192.237,-15.5519,1
24.3843,109.372,-6.24151,-5.72309,107.913,-0.747789,37.1082,187.939,-1.55147,62.7337,164.165,-12.0801,27.7285,109.495,-14.6801,1
49.3651,107.881,-3.7966,42.5666,126.485,16.5016,118.154,134.238,-18.9369,80.3167,120.776,-28.8717,77.2954,104.484,-19.0068,1
37.2901,193.563,-42.8238,41.3639,163.603,-33.686,7.49211,177.526,-108.491,51.0903,190.813,-62.5291,11.7673,205.238,-75.4027,1
14.8786,192.417,-33.8855,4.51157,235.005,-86.7584,31.7111,238.218,-91.5791,25.0241,199.915,-69.8857,40.9942,203.955,-52.6166,1
77.1175,289.57,6.11974,67.9131,326.748,6.23492,80.2144,326.158,-3.99168,71.0155,305.821,-11.3265,65.7375,269.79,-3.44541,1
110.104,266.706,-39.3629,95.1956,266.24,-59.5746,121.611,297.896,-60.545,122.148,292.894,-53.5105,129.82,279.804,-36.4972,1
79.8544,239.456,-61.1879,72.9251,293.895,-88.1047,74.7431,278.903,-97.2393,54.1303,233.873,-53.6329,69.7804,235.379,-61.6612,1
128.974,272.321,-50.2369,98.6921,333.534,-81.6262,102.971,342.018,-79.3608,116.535,259.243,-53.6689,124.222,263.094,-43.1209,1
70.7697,251.395,-59.7549,40.1135,260.527,-46.7585,47.5836,252.591,-39.2981,58.8751,248.087,-35.833,71.1878,249.621,-40.7362,1
105.245,188.703,-52.5726,96.4082,208.344,-69.8299,100.272,199.558,-66.5166,81.7652,188.297,-34.59,90.2199,189.63,-27.7249,1
90.8931,171.769,-68.6465,91.6575,164.913,-69.8131,102.679,165.082,-60.809,84.1225,157.594,-22.5777,89.8146,165.789,-17.678,1
73.9823,221.637,-14.3338,122.537,225.81,-64.388,112.297,225.783,-81.1874,93.3873,222.205,-82.3002,56.2715,218.759,-13.9187,1
84.914,205.776,-3.53775,167.948,221.732,-26.0077,168.709,221.545,-41.0417,136.058,224.656,-55.4883,98.6271,220.169,-18.2436,1
87.9943,205.742,-9.34158,124.225,234.112,3.61845,162.877,222.144,-42.3202,142.072,212.02,-57.433,92.4746,214.149,-10.8647,1
95.0052,197.599,-3.25814,121.443,162.41,-81.6157,111.707,164.904,-93.9725,95.1401,178.209,-89.451,88.1186,207.701,-10.3792,1
162.06,222.246,63.5709,188.349,224.903,41.0796,142.951,176.955,55.3792,136.732,173.489,45.9043,131.996,176.048,35.851,1
106.398,250.394,-20.9489,107.345,240.144,13.5781,108.173,233.817,21.3038,107.148,222.719,26.2149,105.631,210.656,23.5284,1
102.049,165.717,-49.5932,80.8712,168.429,-48.0796,92.4509,171.932,-46.2956,101.365,170.654,-31.9249,94.1847,161.221,-6.78324,1
112.095,159.19,-24.5641,86.7692,159.358,-31.5334,92.7503,164.095,-21.9362,102.937,163.092,-10.9549,110.629,157.228,0.876981,1
109.997,158.184,-10.6422,75.3686,148.109,-13.0789,81.6035,156.261,-12.0751,91.0666,160.316,-2.55935,102.566,157.333,5.66163,1
137.81,217.871,9.01792,102.444,214.321,0.947019,101.523,218.007,18.7131,110.774,217.224,25.4101,122.174,210.957,26.8892,1
122.726,212.313,9.0046,93.7969,193.324,-5.46539,92.7269,192.48,12.5743,101.931,192.429,20.2089,113.829,190.036,20.3525,1
103.959,179.074,-12.7883,84.4572,148.649,-16.6553,81.9184,152.412,1.16765,90.3393,157.827,9.10133,101.139,160.941,10.7424,1
119.332,177.146,-6.1094,91.8528,160.489,-18.8425,85.2466,156.843,-1.54558,90.2304,156.685,9.48422,102.407,158.483,14.3425,1
106.39,215.82,8.38623,88.9548,188.749,-7.96701,84.7644,185.332,9.31943,89.8469,186.021,21.5435,99.6151,191.927,27.0414,1
93.6434,199.89,-0.957647,105.984,215.243,7.89219,62.9547,185.124,21.1627,56.4951,186.249,32.1353,61.7504,190.615,39.8599,1
103.157,207.419,2.40384,108.566,228.207,-3.94344,61.4157,195.241,18.7512,56.9687,196.008,29.1747,63.198,202.467,35.0058,1
133.891,286.908,-63.1607,126.811,310.095,-36.5408,122.471,313.792,-28.17,94.7569,264.129,-20.0098,89.3944,269.098,-17.9158,2
148.475,292.244,-44.2608,143.896,317.666,-19.3445,139.069,321.776,-11.6244,102.071,279.594,-4.3182,97.6668,285.641,-2.89041,2
123.362,354.506,14.8556,65.8284,334.636,23.2902,67.3197,310.399,22.2371,60.0041,302.119,17.2231,52.7715,303.619,13.3894,2
65.0635,321.257,-44.9337,73.7579,299.567,-20.5418,80.3967,300.95,-20.7935,82.1067,311.881,-12.0564,82.0219,326.281,-9.46273,2
45.0672,384.909,5.27334,36.2227,395.67,0.22975,30.381,351.71,19.6602,20.2199,343.262,19.7473,12.7493,342.059,12.3101,2
27.2119,361.309,-13.6151,42.3369,335.131,6.85359,38.2543,328.445,11.0452,32.5634,316.808,10.0055,27.4669,311.44,2.16892,2
13.8608,354.491,3.093,30.1568,322.191,21.8618,28.873,312.271,22.7836,28.4818,299.841,19.4725,26.4537,295.18,9.48359,2
38.2146,381.658,-6.73811,38.6326,345.923,13.7884,32.8462,338.053,13.5002,31.3044,325.462,9.33279,31.4668,321.486,-1.26495,2
148.84,309.177,-13.0148,161.848,354.533,-19.3099,173.002,362.948,-2.31808,185.948,346.454,20.1872,143.289,264.246,14.0694,2
107.287,169.359,-39.1348,91.2201,191.602,-21.265,92.6971,188.178,-13.5276,100.363,188.524,-4.43779,113.025,190.654,0.384219,2
47.482,131.602,-63.9056,20.7286,109.373,-46.118,28.8908,107.944,-40.6342,39.3379,111.915,-32.6282,46.6592,121.986,-27.1117,2
175.373,171.784,7.43716,138.87,161.034,-10.4183,142.241,157.094,-2.58757,142.273,159.06,11.2467,147.875,166.112,20.369,2
123.046,225.946,-9.74876,108.594,190.201,1.05386,108.638,191.737,10.4316,100.875,193.752,20.035,96.4995,205.933,26.1164,2
99.95,237.017,-36.305,88.2234,195.924,-35.3308,93.5743,199.829,-26.8388,97.0238,209.003,-21.2467,94.4588,220.173,-14.5794,2
113.541,240.247,12.2459,114.721,204.266,-2.8119,116.553,205.223,9.68799,107.587,207.033,17.7021,96.977,214.367,20.7331,2
114.472,237.077,10.9433,114.07,202.145,-8.25364,116.193,203.949,2.39265,109.681,204.661,11.9807,100.958,212.452,16.6142,2
58.6513,259.122,8.45296,73.7452,227.446,-0.379947,71.6473,225.53,9.63363,65.6227,220.479,17.76,53.0672,219.236,18.9564,2
70.2801,252.395,-20.617,54.5109,228.355,-0.556895,47.1459,230.892,4.20143,37.6384,219.837,4.75449,28.615,214.797,-2.57461,2
3.66069,215.762,-21.2395,0.382319,208.579,-21.4814,5.42144,205.205,-28.041,18.5578,212.577,-41.2871,43.3602,194.103,5.75707,2
-34.601,236.313,-55.5977,-33.7755,228.74,-48.7901,-27.6451,224.232,-54.8013,-17.6831,226.943,-75.0551,5.59173,212.852,-25.3467,2
-15.231,248.493,-65.1076,-18.5485,242.699,-55.3985,-21.8404,233.433,-55.072,-20.2399,220.667,-32.9645,-5.51107,213.043,-28.7953,2
53.0318,237.026,-60.0774,27.7132,238.769,-46.0666,20.715,242.785,-46.4016,8.2013,237.642,-43.5903,0.556244,226.687,-48.1446,2
62.507,204.713,-32.5341,30.0258,207.022,-23.4319,21.2124,208.347,-27.6246,10.4213,199.204,-31.7197,10.0601,188.908,-40.0079,2
100.026,203.716,-60.5725,81.5597,220.853,-35.022,71.6221,220.887,-32.2779,65.9797,201.66,-10.1586,59.7732,191.937,-16.9943,2
119.994,170.252,-63.7413,105.113,201.201,-31.5286,97.7078,205.383,-27.0495,86.8531,202.282,-22.5684,76.9708,193.166,-24.2502,2
105.909,229.464,-53.3019,85.1905,228.548,-17.6729,77.5244,224.896,-11.9484,68.8283,218.41,-14.2301,64.5892,207.02,-21.2085,2
92.7755,269.643,-18.5706,72.3121,247.822,5.25925,65.234,240.228,2.91271,58.3131,233.259,-1.02891,62.5251,224.729,-10.1287,2
82.5235,292.3,14.9554,63.3859,267.086,22.9792,56.0629,264.21,23.5221,49.0455,251.653,21.3344,43.8455,243.769,11.1365,2
17.0785,325.255,3.23158,28.0882,299.971,19.8291,27.7545,294.12,26.5286,28.0161,281.219,30.736,26.353,269.948,25.5519,2
21.6787,247.338,-47.127,41.2258,254.154,-20.9178,49.6388,253.559,-21.3221,59.065,260.965,-8.38278,66.6313,270.985,-9.89252,2
-18.5107,163.844,-24.2694,-17.0349,182.55,-12.7447,-36.9246,170.031,-18.5612,7.26469,170.773,2.36238,14.8842,159.671,-0.545091,2
53.4318,161.554,-61.7302,51.8602,173.842,-51.4777,45.5618,177.679,-54.1151,38.5133,159.866,-16.1417,27.65,152.123,-15.1717,2
66.635,183.713,-65.3,55.4754,183.852,-43.8659,50.5873,188.669,-40.8429,34.716,171.207,-26.7211,22.7173,166.252,-30.2663,2
98.5283,195.902,-34.7621,70.9744,193.972,-24.0566,63.7763,195.592,-24.5975,54.3503,178.819,-20.0175,49.436,166.55,-26.0274,2
62.411,208.411,-33.2958,46.2058,184.857,-18.0623,41.7157,176.498,-18.8933,43.0456,162.842,-14.9872,52.0913,152.029,-15.9346,2
43.0296,261.774,-32.5334,33.6586,248.702,-3.26893,34.4938,240.55,-7.9606,37.8564,224.826,-8.23783,48.1956,219.678,-15.4023,2
59.8905,238.229,-63.4029,50.8223,226.173,-31.9854,57.982,219.81,-27.1204,68.0335,220.407,-19.9175,79.6137,224.764,-14.5418,2
34.7889,173.065,-55.9872,44.1881,183.729,-21.9859,53.4901,184.468,-18.5114,64.1729,190.219,-18.268,74.7107,198.526,-23.0192,2
-5.26619,263.576,-40.3601,6.377,237.496,-20.4098,4.20812,228.399,-18.0238,-18.1794,218.112,-35.935,19.171,207.913,-24.4773,2
34.1769,274.389,-45.3691,43.1552,250.578,-24.266,38.4986,247.74,-17.5876,32.6309,238.73,-12.7473,23.9038,227.374,-15.0531,2
49.2146,273.579,-80.9554,35.844,256.765,-32.0102,32.9955,253.792,-24.6088,30.8702,244.827,-18.0972,27.3864,230.867,-17.0201,2
92.3093,281.224,-38.315,67.9616,253.014,-27.1502,59.6456,250.304,-22.6086,50.8229,233.682,-16.5828,41.4293,227.322,-21.6837,2
100.356,283.907,-32.5214,64.5148,251.028,-19.59,55.6501,244.308,-15.4964,47.9466,233.465,-15.467,40.104,226.749,-21.7318,2
61.318,211.261,-57.6709,64.3235,199.831,-62.5904,52.9153,206.37,-22.5012,56.3931,214.963,-13.0679,60.1143,228.825,-10.8972,2
-9.31037,218.543,-49.0614,2.06213,211.364,-15.1605,8.82607,211.802,-8.27115,15.9508,218.774,0.214883,21.7372,231.895,4.06446,2
52.2373,231.389,-66.1068,37.3337,218.087,-35.6039,35.176,210.665,-29.025,38.189,200.075,-21.0072,47.0781,188.628,-18.6325,2
53.3998,225.625,-53.3472,37.7289,222.34,-40.1934,29.1053,221.565,-37.0411,26.1211,212.71,-6.2451,16.9697,201.964,-5.96016,2
55.9749,157.567,-49.1218,37.5963,160.037,-36.8658,28.1137,164.6,-35.0341,14.7932,161.615,-5.50379,3.37094,155.397,-6.89448,2
60.7745,186.578,-21.5103,37.7982,186.85,8.18922,30.7031,189.792,11.8525,18.9792,186.217,17.7131,9.48797,178.273,16.4224,2
71.1825,201.509,4.43765,47.1933,196.973,21.4487,38.9517,198.355,22.4654,25.4205,191.37,28.543,17.808,183.07,23.4304,2
67.9123,270.166,-18.6647,47.1644,243.84,-3.33845,39.7336,244.053,-2.98275,32.2698,228.894,-0.0822564,27.2505,221.138,-8.03621,2
36.5374,285.141,-31.7895,35.2221,252.49,-16.9005,29.5104,250.846,-11.439,22.6611,240.173,-11.2174,14.6683,231.497,-19.3107,2
9.74106,278.326,-71.8335,11.7094,266.056,-38.8885,7.37872,262.817,-32.841,6.75121,252.19,-25.8857,6.83718,238.735,-26.5824,2
54.2797,247.616,-80.334,27.59,247.486,-45.1189,21.1649,245.938,-38.3106,15.3322,237.823,-29.954,9.95328,225.211,-27.3258,2
50.9114,229.876,-60.711,46.6139,216.063,-46.7707,38.5061,208.579,-44.5631,33.1818,194.447,-42.6097,32.1766,179.314,-45.1224,2
96.9086,210.448,18.3226,79.3143,205.094,21.5496,60.7433,192.288,22.1315,53.3477,188.572,13.4291,51.8893,187.252,-0.6659,2
64.4066,286.563,-36.9427,51.4369,261.362,-22.5662,45.0794,255.603,-25.9754,39.9206,242.378,-27.4469,42.8443,230.791,-33.834,2
78.4434,178.433,-46.4586,55.9125,176.679,-21.1091,46.1324,179.333,-18.723,33.9915,176.401,-18.0968,24.0874,168.275,-21.8739,2
81.3876,200.047,-30.6351,64.5033,192.102,-1.7046,55.8107,194.669,-0.0213554,43.1208,191.185,-0.734975,34.184,183.947,-7.44482,2
91.2785,181.085,-16.2425,80.7595,167.251,4.56964,74.2368,171.001,0.674352,52.5118,165.565,9.09614,44.348,161.074,-0.852203,2
112.834,170.4,-19.2861,103.245,145.56,4.95931,94.9582,151.269,5.98055,81.4599,153.101,5.37119,71.4047,153.893,-3.1178,2
58.6334,224.802,-41.168,33.0602,198.548,-24.4999,22.7721,199.628,-26.0343,11.8741,196.204,-30.6416,5.51223,191.424,-40.7017,2
57.4498,309.322,-6.56036,45.1595,268.227,-7.31261,37.1301,262.702,-10.4492,31.5619,253.932,-17.2716,30.4761,248.715,-28.8695,2
72.9964,249.558,-50.4362,57.268,212.771,-33.0633,49.6655,205.936,-34.2723,43.7848,195.011,-35.5758,44.3837,183.588,-42.2972,2
55.7531,254.347,-42.0457,42.1437,222.199,-22.8639,38.6855,212.7,-24.0491,40.2429,200.565,-22.0003,46.4217,190.206,-24.6566,2
87.751,205.983,-69.9032,52.9569,194.635,-70.3521,59.1672,184.805,-65.1224,67.6396,180.009,-58.0112,78.9122,180.474,-49.9083,2
79.7399,173.236,-74.1913,68.6589,155.567,-49.3105,73.3729,152.644,-42.5412,72.5714,150.535,-25.5177,74.9598,158.355,-15.9866,2
64.3513,216.882,-57.1895,55.2966,193.993,-26.6164,61.159,186.568,-23.7138,70.783,181.095,-14.9215,82.9496,181.293,-13.2573,2
96.933,301.807,50.9218,46.5116,322.904,42.028,68.5558,355.54,-12.2389,28.4966,273.927,33.9385,25.8662,272.427,21.5328,3
17.4282,320.419,75.5788,15.2184,369.417,30.7154,23.4371,375.957,6.25064,14.5135,269.853,17.6993,20.6241,272.54,7.65344,3
73.4533,333.477,-13.1824,59.2136,309.308,31.0961,57.0558,301.819,40.0436,53.3291,292.313,45.7056,45.8362,282.052,44.6987,3
121.434,296.816,62.6475,67.9438,275.679,33.8187,58.6876,271.309,31.8339,50.3924,266.055,25.0952,44.9181,262.965,13.7353,3
63.6581,307.457,-7.77604,50.5175,280.054,12.3733,43.6856,271.851,13.6804,39.6434,260.551,12.2148,34.761,251.75,3.2797,3
81.6607,322.188,-14.171,56.0271,297.005,-9.05209,48.2869,293.125,-9.36582,40.5017,283.546,-17.0007,35.0373,282.861,-28.6943,3
43.0046,343.128,11.9038,28.8142,306.025,33.5967,27.3297,295.857,35.7129,22.0894,286.221,32.762,12.5004,283.22,24.0651,3
44.7619,341.042,27.3721,14.5823,354.684,12.5627,18.9333,294.838,20.1847,18.3323,285.02,11.3422,20.0235,284.082,-1.94832,3
14.5127,349.268,41.0861,25.3928,403.1,24.042,22.5493,410.115,1.20072,7.36329,308.725,-11.3032,13.5175,313.1,-20.616,3
81.215,306.317,-21.3548,65.9832,291.188,-60.4116,66.3691,302.133,-61.7227,68.2663,318.321,-45.7914,65.6575,326.954,-24.2337,3
72.0843,291.725,-30.8445,50.1001,276.4,-60.6427,49.7555,265.904,-37.411,60.1646,348.592,-57.9909,71.7776,339.626,-34.8307,3
5.28299,110.993,55.2258,26.1304,118.795,27.9728,28.8765,122.991,36.6308,25.8054,131.215,46.0195,16.199,138.22,53.9045,3
95.535,312.496,-23.2324,90.5312,267.831,-5.34524,90.2553,256.428,-5.03786,86.1113,244.287,-3.98393,78.1816,235.225,-8.0176,3
77.5386,332.484,-21.3727,61.4869,289.141,-9.08785,58.9385,278.077,-9.67812,51.5927,266.787,-12.2896,47.3558,259.005,-21.4213,3
76.6389,311.165,-29.7903,61.3501,269.938,-10.822,59.2208,258.933,-9.39919,52.8832,246.859,-10.6673,50.2117,237.131,-18.4641,3
50.8532,339.168,26.3163,67.9714,270.658,9.39919,64.2055,259.997,9.15865,55.325,249.596,8.76853,46.6041,243.366,1.83243,3
90.7451,356.99,-4.22037,94.6034,293.27,-5.629,93.0365,282.032,-3.46334,87.879,270.091,-2.8746,80.5225,261.002,-9.04308,3
66.2401,343.275,-1.36658,87.4654,282.991,-4.45935,89.1619,272.023,-3.75373,88.0937,259.371,-5.89823,86.8954,250.151,-15.2124,3
57.2638,386.057,13.8186,90.0242,339.339,17.666,95.5359,330.262,18.3328,98.9247,317.796,13.993,103.631,311.126,4.26708,3
136.433,381.515,4.04248,130.84,347.483,13.361,136.759,338.881,13.7651,137.652,324.229,10.2018,140.527,316.751,-0.368433,3
-10.4835,346.536,-32.2327,0.967462,317.152,-16.4041,8.49518,308.98,-8.93838,20.2282,304.717,-5.71738,33.131,304.1,-8.15809,3
34.6157,300.219,34.1217,21.501,267.752,24.924,30.3523,263.245,31.9316,42.0277,263.145,36.2314,52.5261,267.447,35.3847,3
115.033,250.747,-62.7005,80.0252,233.868,-71.1698,82.0909,231.062,-60.5393,90.1397,224.396,-53.592,101.218,219.094,-52.2892,3
104.895,244.818,-45.553,75.0999,224.454,-62.5922,74.4206,221.999,-51.6379,81.0874,216.46,-42.6389,91.8242,212.169,-38.2876,3
73.1777,215.718,5.99433,47.7689,196.058,-17.777,49.2601,189.313,-8.86936,58.3834,182.994,-3.16519,70.3705,180.718,-1.2216,3
108.205,189.499,-11.568,85.6726,160.445,-10.3155,83.5486,150.764,-14.8266,75.3754,140.049,-16.7418,65.4172,136.211,-25.9186,3
85.4368,277.038,-15.1953,83.7134,244.324,5.14909,84.5521,232.389,8.12188,83.5572,219.439,6.37236,83.1058,209.367,-2.42833,3
13.4345,260.894,-11.957,32.3752,240.081,14.7491,41.7783,234.119,20.5701,52.7105,227.341,20.8226,61.6912,223.356,13.4055,3
-21.9558,249.136,-12.8144,-20.5078,223.896,12.9526,-11.6227,227.783,18.1207,1.04113,230.139,19.4966,11.1,233.303,13.3618,3
21.2005,223.638,-35.2079,22.413,202.768,-4.90018,20.7774,192.468,-8.21267,13.3643,182.492,-11.389,4.11736,180.184,-18.4422,3
91.2784,205.378,-5.97821,74.2867,182.823,-0.496516,71.5827,174.291,-4.59236,59.5552,163.544,-2.9345,47.045,159.225,-10.1863,3
126.549,203.294,3.93254,110.533,189.385,7.71502,108.114,179.596,3.60499,99.0909,169.059,-0.764092,89.4456,163.98,-10.8254,3
88.0524,312.485,31.7972,75.5099,275.698,38.6998,81.0593,267.059,40.8471,82.8038,254.159,38.2982,95.7148,249.968,28.2657,3
21.1866,314.998,20.0531,17.9973,277.122,28.0884,28.0813,273.484,28.1701,37.4353,268.868,22.6645,45.8401,272.198,14.0661,3
-7.8471,250.538,-46.0115,12.7866,247.379,-21.0702,19.0259,250.829,-15.2331,30.8255,249.268,-9.50014,43.0805,247.655,-11.1832,3
-3.70351,294.409,-14.0544,-17.5813,259.971,-9.96314,-10.2493,263.28,-6.21932,2.37901,269.612,-7.48034,10.8888,275.832,-15.1118,3
25.5328,248.199,-74.1202,20.3285,224.933,-60.665,21.775,226.626,-52.7854,30.4717,225.822,-41.0752,42.1895,228.732,-36.8883,3
-19.1739,243.432,-13.104,-15.1571,216.656,12.4967,-8.35087,221.542,15.8119,3.3423,227.477,12.4857,11.8613,231.678,3.5059,3
-4.44172,213.061,-31.0628,1.70234,185.524,-5.11792,7.10805,190.71,-0.231809,9.29296,205.441,-8.51787,21.5675,210.153,-13.0289,3
18.5735,199.205,-16.976,32.5424,172.267,8.24354,39.8136,176.535,11.2219,37.2267,193.079,5.41025,48.4047,198.795,-3.09568,3
20.1117,163.613,-29.6924,-12.08,142.207,-19.8425,-6.23511,146.116,-12.5764,1.03308,158.702,-16.9354,15.0371,155.746,-15.3909,3
127.483,192.277,-14.169,90.6936,182.647,0.471255,95.2426,184.937,8.63789,105.643,194.014,8.71157,117.783,187.935,11.872,3
96.831,305.952,-26.2139,79.8903,268.938,-26.6754,78.2432,275.375,-19.6207,81.3201,282.59,-10.7228,90.1107,289.615,-6.53931,3
90.47,334.31,-1.81593,73.884,297.207,-1.82447,75.9772,302.143,6.03702,83.5976,308.17,12.9421,93.6753,315.007,12.8098,3
110.562,330.66,-1.04488,91.9631,294.043,-7.87207,93.5789,298.184,0.592638,100.848,302.24,9.27075,110.858,308.374,11.3329,3
119.371,326.231,2.64456,95.9576,293.639,-7.95972,99.1419,295.697,0.822006,108.809,295.963,9.10148,118.761,302.613,10.1775,3
108.683,296.326,7.5179,84.327,269.553,-6.98802,83.607,268.531,2.7013,88.6825,266.355,13.6588,98.2228,267.945,20.7383,3
68.9536,284.261,-16.8264,61.2227,252.813,-17.8984,62.4561,250.629,-8.50205,69.6021,247.197,0.882883,80.4913,247.907,6.06843,3
72.4067,274.865,-25.7813,46.0192,256.057,-8.70096,51.128,256.786,-0.854674,60.9503,254.094,5.64794,72.9047,251.41,5.67905,3
2.91838,257.185,-34.0114,4.37335,247.109,2.90567,9.78829,248.409,10.6586,20.6285,249.824,15.6388,32.1392,254.678,14.1877,3
18.8996,309.984,-35.137,1.90961,275.971,-34.1075,3.1028,279.53,-25.2946,10.6043,282.164,-16.4179,22.0119,286.848,-13.3702,3
32.3374,291.574,-22.9685,13.488,261.08,-40.1155,13.2999,260.737,-30.2796,18.9663,260.433,-20.2014,29.6071,263.543,-14.0133,3
58.142,336.657,-21.204,40.3375,305.55,-16.6398,44.1077,310.073,-9.172,54.1245,311.607,-2.80909,66.2294,316.091,-4.00919,3
25.8341,341.73,-9.05423,24.4485,301.219,-12.3316,22.7986,305.991,-4.18007,28.3222,310.72,5.22452,36.9432,319.879,8.28037,3
9.61714,273.392,-66.058,8.60596,270.13,-28.471,11.6813,274.239,-20.227,20.6169,277.377,-13.6565,32.9444,281.706,-13.2699,3
-3.26871,266.711,-24.7784,11.8429,251.845,-4.28782,17.9683,257.414,0.838533,28.8621,262.04,1.74563,37.8768,268.754,-4.76009,3
12.7795,205.297,-0.367281,2.67173,217.157,-8.05323,3.13991,230.146,-9.98819,16.5372,242.033,-8.68442,33.3863,250.26,-11.27,3
11.3681,244.323,-29.5831,6.15841,234.877,-17.2396,16.5737,233.35,-2.48723,28.0102,234.944,1.85597,38.8267,238.232,-3.65786,3
-2.67465,235.517,-11.3392,-11.0786,218.359,14.9398,-9.03366,220.135,22.3567,1.67641,219.174,28.3471,15.0306,219.766,25.8861,3
74.1733,222.053,-28.548,41.6159,212.435,-26.5199,42.1291,216.274,-19.3127,50.6344,217.925,-11.2102,63.8721,215.978,-9.4115,3
68.1426,216.318,-47.6214,35.0845,204.939,-50.8903,33.1896,210.173,-44.9606,38.2179,211.981,-34.0773,50.1805,209.269,-27.7975,3
45.013,177.483,-42.6916,82.5492,177.854,-26.5844,77.5399,171.957,-22.5545,57.0633,184.825,-13.9413,44.9165,186.078,-18.3609,3
7.81902,172.231,-49.9193,36.6654,189.247,-68.7838,39.1678,183.618,-62.4265,25.9295,188.546,-43.2273,15.7951,185.299,-37.2788,3
31.3476,316.959,-61.0518,28.9267,281.201,-45.0186,23.971,388.852,-45.7833,43.5919,276.961,-32.3506,51.8011,284.248,-27.0516,3
55.942,319.983,-45.118,42.456,285.453,-31.9059,73.594,388.508,-23.2992,55.2656,275.427,-20.4291,65.554,279.226,-15.4716,3
106.567,302.644,-83.9051,96.3706,274.972,-59.5843,116.842,374.257,-94.0689,133.314,373.937,-73.1196,118.701,280.495,-43.2501,3
51.0076,298.903,-48.1413,68.9502,309.69,-17.41,62.1719,307.837,-17.6794,55.9489,296.814,-18.0424,56.424,282.667,-21.8488,3
58.6318,326.286,-2.13955,57.0989,302.59,19.9299,54.0397,296.745,26.1189,48.0762,287.301,27.8759,40.5774,279.329,21.9566,3
-6.40249,285.22,1.89934,71.23,325.97,-34.861,88.4865,331.3,-33.3086,106.991,316.752,-27.611,112.046,294.211,-17.209,4
-1.2744,288.194,22.9006,76.5025,338.747,-11.6001,92.7619,344.811,-5.98079,110.588,331.163,2.16874,115.786,307.546,9.91383,4
23.3983,274.622,-44.0467,21.139,341.981,-58.3255,27.1014,358.82,-53.9416,46.6731,364.282,-41.5659,65.5085,353.737,-28.1916,4
18.736,230.782,-20.9393,-12.6713,288.979,-69.7483,-17.693,307.037,-70.9039,-5.68243,325.823,-62.4283,43.1014,324.301,-69.2051,4
40.0441,265.614,-4.9377,34.1824,317.656,-53.0148,42.3879,334.312,-56.2068,67.6868,338.28,-57.2597,99.2707,321.501,-62.1963,4
39.8737,264.344,-39.6434,37.9392,313.538,-77.6432,49.7768,339.953,-72.9842,62.7014,340.541,-67.5142,92.8246,335.132,-48.9913,4
102.233,322.648,-30.7121,92.3989,318.093,-113.674,76.5646,305.51,-126.032,58.816,251.893,-52.7764,65.7994,259.38,-109.919,4
137.923,280.534,-19.5343,92.4981,317.832,-90.0305,51.0477,276.851,-26.5676,44.3594,262.11,-28.6712,40.3608,250.206,-35.3673,4
142.066,211.765,-33.9094,102.319,278.409,-70.7487,79.3925,261.039,-27.3953,65.2969,253.178,-22.3679,54.9069,241.659,-21.9066,4
136.712,222.603,-41.9983,93.1272,275.558,-88.6824,80.7141,276.175,-45.3011,66.8577,275.483,-33.379,53.6828,268.597,-27.6154,4
119.271,299.927,16.2458,99.2344,334.263,-53.2411,63.8033,309.348,-31.8551,52.6069,295.919,-36.3589,49.1975,281.008,-41.2453,4
-43.9138,298.154,-2.16295,11.0025,355.503,-46.1201,14.2462,338.456,-65.1609,41.2806,331.881,-73.5352,32.218,280.861,-59.1827,4
-13.3743,273.364,-4.73467,16.7435,307.497,-64.1849,24.1291,286.517,-77.6269,53.842,281.337,-77.7698,41.6176,234.674,-54.8269,4
46.0611,273.804,-12.0747,71.6638,272.204,-77.706,79.6433,265.84,-83.5428,45.3034,220.163,-95.3609,26.7262,201.679,-52.1523,4
116.627,301.961,-12.6317,91.0473,366.292,-34.9871,35.6701,345.998,19.9659,23.7683,333.446,12.7825,23.8695,300.919,11.1117,4
115.494,268.995,-35.1984,120.009,297.409,19.4631,113.901,306.238,22.4251,96.1013,308.4,21.2671,71.4352,284.036,15.2079,4
157.73,216.276,-40.5583,107.263,275.054,-46.9778,98.5095,280.285,-51.5135,82.5439,273.877,-56.2953,69.124,254.79,-59.3274,4
129.187,150.39,-23.8912,106.459,180.72,-98.5273,92.084,185.158,-111.799,74.9133,182.515,-108.985,46.8493,185.147,-93.7759,4
170.947,166.69,40.8078,179.471,187.59,-42.9976,173.31,193.72,-59.679,156.633,192.454,-63.622,124.338,191.853,-63.0823,4
156.474,175.989,31.0889,162.753,195.597,-51.3871,156.727,196.564,-70.1425,141.688,194.452,-73.1763,112.292,198.113,-68.1933,4
139.353,169.979,-5.07115,152.365,174.64,-67.9492,144.523,173.975,-86.3101,129.42,176.786,-86.9303,98.2172,179.148,-81.9851,4
122.796,183.2,-19.9374,145.358,168.692,-71.9493,133.128,165.398,-88.4318,102.897,192.992,-82.0459,83.9879,182.22,-72.9286,4
77.1928,170.529,-32.9197,103.73,159.155,-84.0762,89.2532,155.472,-99.5431,57.5621,173.554,-93.3197,42.4406,163.859,-80.0348,4
117.926,144.963,-6.80108,134.948,147.38,-65.9061,120.624,149.05,-82.5525,99.1702,166.571,-76.4109,82.7176,159.624,-64.7373,4
137.644,118.044,12.2556,128.097,113.012,-62.6495,114.121,110.206,-80.5372,92.6129,130.359,-82.1585,81.5156,128.398,-66.5189,4
141.385,116.095,18.9323,120.799,86.6078,-59.5432,107.044,82.8367,-74.484,85.7775,115.413,-86.0778,75.781,118.321,-69.1935,4
109.135,175.971,-8.24243,81.873,172.662,-87.7237,61.579,168.378,-102.806,31.3356,184.505,-96.7453,24.9334,174.422,-79.2442,4
101.599,253.9,17.8504,93.2667,255.637,-65.5808,84.1342,248.797,-81.2662,66.4845,221.203,-89.8091,61.9014,204.365,-76.505,4
101.235,250.238,10.2264,90.4344,262.333,-68.4674,80.2727,253.861,-86.8787,70.3306,235.238,-90.6655,57.023,209.503,-84.5361,4
112.203,179.827,-35.4127,85.273,231.689,-90.2244,77.0786,238.921,-98.3514,63.2579,235.96,-92.7905,37.2409,241.352,-29.3499,4
61.2798,191.779,-64.4641,-7.56098,220.371,-91.0335,-22.441,225.333,-87.0862,-29.6551,218.912,-75.3109,-20.7907,222.215,-28.3698,4
43.3506,187.099,-76.7924,65.9447,225.588,-39.1021,64.9826,231.642,-31.932,53.1433,234.321,-24.2325,37.0601,238.994,-33.5631,4
28.9172,144.026,-48.4199,73.5269,182.817,-25.4986,75.4655,190.132,-21.3674,73.946,201.564,-23.2872,65.9647,210.89,-37.6612,4
11.1805,203.768,-50.1875,16.13,278.075,-48.0026,31.9842,181.678,-36.3606,56.1154,236.936,-50.6509,86.1982,261.353,-8.00825,4
1.73399,222.306,-80.1086,6.87111,279.911,-97.1889,22.8773,295.472,-92.1766,30.3618,296.307,-66.4584,12.2658,298.232,-22.8508,4
81.3601,236.814,-37.065,92.0957,249.912,2.23552,79.8928,243.078,15.1034,68.0956,246.084,19.7699,61.2924,272.435,8.0639,4
89.5591,326.748,-19.6122,45.5005,287.649,-2.79246,38.708,282.415,1.03103,35.1315,268.551,3.69605,31.7593,256.529,-2.08925,4
143.02,324.543,-1.84993,90.2162,305.017,-26.2403,80.6041,300.329,-26.37,71.1479,286.996,-25.2431,69.0002,280.506,-34.903,4
132.891,309.392,-19.7831,71.1044,322.667,3.98768,62.3458,319.734,8.43199,52.1777,318.921,-0.90757,43.9454,310.353,-9.40834,4
39.2995,346.696,-3.60043,50.9363,291.443,-37.7249,53.651,283.616,-40.457,64.8708,278.931,-44.1077,78.2308,274.792,-39.3149,4
19.4448,249.541,-16.3142,21.685,301.192,-19.3055,59.7339,236.357,-10.3172,92.8061,334.37,-25.6169,106.34,318.648,-14.5093,4
-23.126,221.42,9.34383,46.7863,232.241,-9.54033,54.3125,230.753,-13.1712,83.8265,339.434,-20.3881,100.776,323.036,-10.4581,4
-12.6046,236.076,10.1045,-3.41397,257.186,-39.0717,-12.103,305.361,-13.5335,33.6037,321.805,35.9659,46.13,306.1,37.7966,4
17.8668,256.801,19.4915,5.45534,298.392,-13.5684,9.52585,331.574,17.3554,47.4171,336.964,42.6325,67.6103,317.736,55.0924,4
33.7432,193.277,-46.8266,22.9995,205.921,-98.9436,17.012,227.55,-107.951,18.3178,271.205,-95.3366,24.0828,285.723,-68.9313,4
71.81,208.712,7.45129,101.766,237.072,-65.5602,98.6486,257.218,-73.684,118.869,288.747,-62.6785,101.695,309.116,-32.1815,4
99.4036,270.453,-28.801,122.238,308.926,-54.0409,142.023,333.55,-43.7013,150.737,238.063,-2.50904,162.584,246.248,3.24523,4
-3.92794,272.24,9.69825,12.862,326.348,-39.6587,32.5153,332.303,-47.3094,47.525,326.328,-41.6343,56.3779,279.752,-51.492,4
32.723,294.327,39.6852,45.2112,351.531,-25.062,63.9662,359.253,-32.3233,83.1679,348.081,-39.514,87.0132,318.502,-52.4416,4
61.6926,282.909,-26.1001,82.6278,318.509,-82.4575,102.902,322.132,-88.8334,121.237,307.487,-89.9654,132.666,280.473,-86.696,4
10.1357,177.075,-88.3588,4.92936,210.154,-148.82,9.49134,229.957,-159.774,25.816,246.067,-156.123,46.9748,258.774,-140.004,4
1.34516,171.619,-79.8555,65.0629,184.951,-63.637,77.3297,276.506,-134.432,96.7856,283.218,-117.469,113.373,277.381,-90.8286,4
85.6643,306.808,-1.24168,41.8884,257.54,-41.6052,133.296,306.003,-97.7325,47.4852,275.413,-97.2845,55.1164,233.415,-58.5636,4
153.211,287.466,-15.8151,82.9954,282.196,14.8761,76.651,273.527,18.5164,68.87,263.619,15.099,63.3426,255.253,4.85571,4
98.1161,329.16,2.52538,49.8811,278.27,-28.1311,45.4366,267.912,-23.2015,48.4418,254.845,-20.1961,56.7591,244.267,-21.6806,4
19.8106,168.283,-29.809,66.5158,195.765,-69.8999,73.4342,203.258,-67.9663,18.4124,231.538,-96.8029,70.9955,226.38,-62.8819,4
142.568,224.718,-28.3251,107.52,289.308,-57.7103,126.95,264.686,-111.894,103.803,254.888,-119.421,75.7057,249.07,-111.689,4
182.805,289.052,53.3159,155.639,328.461,28.2973,179.909,339.959,-0.687279,169.188,330.171,-14.5416,115.218,285.885,11.9681,4
182.889,130.947,-23.9224,148.233,209.226,-20.0999,158.944,223.683,-54.7473,155.592,214.392,-60.6294,104.539,165.426,-40.2246,4
155.902,115.327,-40.0406,151.25,127.77,-76.7271,125.69,152.442,-53.7663,111.2,151.73,-54.8173,97.2095,144.13,-54.165,4
172.589,157.463,-13.6853,162.409,186.246,-60.731,150.433,188.004,-72.8821,133.106,171.841,-86.7842,113.061,164.784,-82.7674,4
144.074,245.232,24.9752,135.877,243.127,-35.9077,149.675,230.295,-64.4572,141.55,220.238,-65.1851,127.63,199.414,-63.8564,4
114.661,245.775,-3.93263,147.154,227.601,-67.5785,145.902,205.634,-81.8443,140.994,189.411,-78.0888,77.4253,170.015,-37.785,4
-23.1054,186.524,-36.8005,44.2374,207.727,-65.0811,49.6564,268.194,-70.0264,64.8957,192.976,-24.2969,75.2787,198.6,-15.9179,4
66.1052,283.529,-33.5836,38.1137,285.937,-108.971,40.3333,270.232,-128.782,12.1472,221.533,-53.1427,16.9974,208.314,-59.4311,4
108.432,257.262,-20.3534,48.5784,301.766,-43.0026,49.7424,308.232,-71.4167,25.3525,271.767,-40.9047,16.1032,259.98,-46.1557,4
72.5019,307.693,36.3864,55.4746,295.251,-56.636,62.1075,295.865,-66.2709,38.6111,262.084,-45.061,36.0812,240.539,-39.7793,4
-30.655,238.195,-24.3036,45.2752,314.351,-40.0723,49.0658,319.862,-45.4782,68.5033,309.011,-34.8768,69.8946,224.871,-21.8704,4